-- insert tabela QuantBairro2013
INSERT INTO QuantBairro2013 VALUES ('Abolição','279');
INSERT INTO QuantBairro2013 VALUES ('Acari','2184');
INSERT INTO QuantBairro2013 VALUES ('Alto da Boa Vista','761');
INSERT INTO QuantBairro2013 VALUES ('Anchieta','5338');
INSERT INTO QuantBairro2013 VALUES ('Anil','7406');
INSERT INTO QuantBairro2013 VALUES ('Bancários','1577');
INSERT INTO QuantBairro2013 VALUES ('Bangu','24175');
INSERT INTO QuantBairro2013 VALUES ('Barra da Tijuca','7251');
INSERT INTO QuantBairro2013 VALUES ('Barra de Guaratiba','886');
INSERT INTO QuantBairro2013 VALUES ('Barros Filho','226');
INSERT INTO QuantBairro2013 VALUES ('Benfica','2081');
INSERT INTO QuantBairro2013 VALUES ('Bento Ribeiro','1204');
INSERT INTO QuantBairro2013 VALUES ('Bonsucesso','8085');
INSERT INTO QuantBairro2013 VALUES ('Botafogo','1605');
INSERT INTO QuantBairro2013 VALUES ('Cachambi','2405');
INSERT INTO QuantBairro2013 VALUES ('Caju','3514');
INSERT INTO QuantBairro2013 VALUES ('Camorim','1691');
INSERT INTO QuantBairro2013 VALUES ('Campinho','632');
INSERT INTO QuantBairro2013 VALUES ('Campo Grande','37952');
INSERT INTO QuantBairro2013 VALUES ('Cascadura','3202');
INSERT INTO QuantBairro2013 VALUES ('Catete','311');
INSERT INTO QuantBairro2013 VALUES ('Catumbi','1190');
INSERT INTO QuantBairro2013 VALUES ('Cavalcanti','2448');
INSERT INTO QuantBairro2013 VALUES ('Centro','3260');
INSERT INTO QuantBairro2013 VALUES ('Cidade Nova','1953');
INSERT INTO QuantBairro2013 VALUES ('Cidade Universitária','268');
INSERT INTO QuantBairro2013 VALUES ('Cidade de Deus','5278');
INSERT INTO QuantBairro2013 VALUES ('Cocotá','449');
INSERT INTO QuantBairro2013 VALUES ('Coelho Neto','3606');
INSERT INTO QuantBairro2013 VALUES ('Colégio','1907');
INSERT INTO QuantBairro2013 VALUES ('Copacabana','3495');
INSERT INTO QuantBairro2013 VALUES ('Cordovil','4534');
INSERT INTO QuantBairro2013 VALUES ('Cosme Velho','166');
INSERT INTO QuantBairro2013 VALUES ('Cosmos','6450');
INSERT INTO QuantBairro2013 VALUES ('Costa Barros','2293');
INSERT INTO QuantBairro2013 VALUES ('Curicica','5547');
INSERT INTO QuantBairro2013 VALUES ('Del Castilho','2727');
INSERT INTO QuantBairro2013 VALUES ('Deodoro','1188');
INSERT INTO QuantBairro2013 VALUES ('Encantado','543');
INSERT INTO QuantBairro2013 VALUES ('Engenho Novo','1463');
INSERT INTO QuantBairro2013 VALUES ('Engenho da Rainha','2748');
INSERT INTO QuantBairro2013 VALUES ('Engenho de Dentro','4036');
INSERT INTO QuantBairro2013 VALUES ('Estácio','798');
INSERT INTO QuantBairro2013 VALUES ('Flamengo','341');
INSERT INTO QuantBairro2013 VALUES ('Freguesia (Jacarepaguá)','3263');
INSERT INTO QuantBairro2013 VALUES ('Galeão','2385');
INSERT INTO QuantBairro2013 VALUES ('Gardênia Azul','1007');
INSERT INTO QuantBairro2013 VALUES ('Glória','982');
INSERT INTO QuantBairro2013 VALUES ('Guadalupe','5698');
INSERT INTO QuantBairro2013 VALUES ('Guaratiba','10127');
INSERT INTO QuantBairro2013 VALUES ('Gávea','2345');
INSERT INTO QuantBairro2013 VALUES ('Higienópolis','4015');
INSERT INTO QuantBairro2013 VALUES ('Honório Gurgel','1548');
INSERT INTO QuantBairro2013 VALUES ('Humaitá','785');
INSERT INTO QuantBairro2013 VALUES ('Inhoaíba','6607');
INSERT INTO QuantBairro2013 VALUES ('Ipanema','1338');
INSERT INTO QuantBairro2013 VALUES ('Irajá','11132');
INSERT INTO QuantBairro2013 VALUES ('Itanhangá','1315');
INSERT INTO QuantBairro2013 VALUES ('Jacarezinho','668');
INSERT INTO QuantBairro2013 VALUES ('Jacaré','997');
INSERT INTO QuantBairro2013 VALUES ('Jardim Botânico','949');
INSERT INTO QuantBairro2013 VALUES ('Jardim Carioca','800');
INSERT INTO QuantBairro2013 VALUES ('Jardim Guanabara','1445');
INSERT INTO QuantBairro2013 VALUES ('Jardim Sulacap','1524');
INSERT INTO QuantBairro2013 VALUES ('Lagoa','673');
INSERT INTO QuantBairro2013 VALUES ('Laranjeiras','1409');
INSERT INTO QuantBairro2013 VALUES ('Leblon','2600');
INSERT INTO QuantBairro2013 VALUES ('Leme','544');
INSERT INTO QuantBairro2013 VALUES ('Lins de Vasconcelos','2865');
INSERT INTO QuantBairro2013 VALUES ('Madureira','2978');
INSERT INTO QuantBairro2013 VALUES ('Magalhães Bastos','2411');
INSERT INTO QuantBairro2013 VALUES ('Mangueira','383');
INSERT INTO QuantBairro2013 VALUES ('Manguinhos','2500');
INSERT INTO QuantBairro2013 VALUES ('Maracanã','983');
INSERT INTO QuantBairro2013 VALUES ('Marechal Hermes','3896');
INSERT INTO QuantBairro2013 VALUES ('Maria da Graça','910');
INSERT INTO QuantBairro2013 VALUES ('Maré','12096');
INSERT INTO QuantBairro2013 VALUES ('Moneró','1878');
INSERT INTO QuantBairro2013 VALUES ('Olaria','6820');
INSERT INTO QuantBairro2013 VALUES ('Oswaldo Cruz','2833');
INSERT INTO QuantBairro2013 VALUES ('Paciência','13650');
INSERT INTO QuantBairro2013 VALUES ('Padre Miguel','8808');
INSERT INTO QuantBairro2013 VALUES ('Paquetá','405');
INSERT INTO QuantBairro2013 VALUES ('Parada de Lucas','1352');
INSERT INTO QuantBairro2013 VALUES ('Parque Anchieta','2872');
INSERT INTO QuantBairro2013 VALUES ('Parque Colúmbia','817');
INSERT INTO QuantBairro2013 VALUES ('Pavuna','11818');
INSERT INTO QuantBairro2013 VALUES ('Pechincha','1670');
INSERT INTO QuantBairro2013 VALUES ('Pedra de Guaratiba','7398');
INSERT INTO QuantBairro2013 VALUES ('Penha','6138');
INSERT INTO QuantBairro2013 VALUES ('Penha Circular','3407');
INSERT INTO QuantBairro2013 VALUES ('Piedade','3056');
INSERT INTO QuantBairro2013 VALUES ('Pilares','2187');
INSERT INTO QuantBairro2013 VALUES ('Pitangueiras','398');
INSERT INTO QuantBairro2013 VALUES ('Portuguesa','1235');
INSERT INTO QuantBairro2013 VALUES ('Praia da Bandeira','548');
INSERT INTO QuantBairro2013 VALUES ('Praça Seca','4927');
INSERT INTO QuantBairro2013 VALUES ('Praça da Bandeira','570');
INSERT INTO QuantBairro2013 VALUES ('Ramos','4148');
INSERT INTO QuantBairro2013 VALUES ('Realengo','14350');
INSERT INTO QuantBairro2013 VALUES ('Recreio dos Bandeirantes','1638');
INSERT INTO QuantBairro2013 VALUES ('Riachuelo','897');
INSERT INTO QuantBairro2013 VALUES ('Ricardo de Albuquerque','1958');
INSERT INTO QuantBairro2013 VALUES ('Rio Comprido','2709');
INSERT INTO QuantBairro2013 VALUES ('Rocha','1664');
INSERT INTO QuantBairro2013 VALUES ('Rocha Miranda','5643');
INSERT INTO QuantBairro2013 VALUES ('Rocinha','1654');
INSERT INTO QuantBairro2013 VALUES ('Sampaio','67');
INSERT INTO QuantBairro2013 VALUES ('Santa Cruz','32379');
INSERT INTO QuantBairro2013 VALUES ('Santa Teresa','1381');
INSERT INTO QuantBairro2013 VALUES ('Santo Cristo','1404');
INSERT INTO QuantBairro2013 VALUES ('Santíssimo','4211');
INSERT INTO QuantBairro2013 VALUES ('Saúde','310');
INSERT INTO QuantBairro2013 VALUES ('Senador Camará','8711');
INSERT INTO QuantBairro2013 VALUES ('Senador Vasconcelos','1932');
INSERT INTO QuantBairro2013 VALUES ('Sepetiba','5499');
INSERT INTO QuantBairro2013 VALUES ('São Conrado','1145');
INSERT INTO QuantBairro2013 VALUES ('Tanque','1568');
INSERT INTO QuantBairro2013 VALUES ('Taquara','11430');
INSERT INTO QuantBairro2013 VALUES ('Tauá','1017');
INSERT INTO QuantBairro2013 VALUES ('Tijuca','6606');
INSERT INTO QuantBairro2013 VALUES ('Todos os Santos','441');
INSERT INTO QuantBairro2013 VALUES ('Tomás Coelho','425');
INSERT INTO QuantBairro2013 VALUES ('Turiaçu','1139');
INSERT INTO QuantBairro2013 VALUES ('Urca','1203');
INSERT INTO QuantBairro2013 VALUES ('Vargem Grande','2180');
INSERT INTO QuantBairro2013 VALUES ('Vargem Pequena','1584');
INSERT INTO QuantBairro2013 VALUES ('Vicente de Carvalho','984');
INSERT INTO QuantBairro2013 VALUES ('Vidigal','1049');
INSERT INTO QuantBairro2013 VALUES ('Vigário Geral','2955');
INSERT INTO QuantBairro2013 VALUES ('Vila Isabel','3692');
INSERT INTO QuantBairro2013 VALUES ('Vila Kosmos','1858');
INSERT INTO QuantBairro2013 VALUES ('Vila Militar','692');
INSERT INTO QuantBairro2013 VALUES ('Vila Valqueire','2094');
INSERT INTO QuantBairro2013 VALUES ('Vila da Penha','2181');
INSERT INTO QuantBairro2013 VALUES ('Vista Alegre','1664');
INSERT INTO QuantBairro2013 VALUES ('Zumbi','636');
INSERT INTO QuantBairro2013 VALUES ('Água Santa','1169');

-- insert tabela QuantBairro2012
INSERT INTO QuantBairro2012 VALUES ('Abolição','207');
INSERT INTO QuantBairro2012 VALUES ('Acari','1251');
INSERT INTO QuantBairro2012 VALUES ('Alto da Boa Vista','486');
INSERT INTO QuantBairro2012 VALUES ('Anchieta','3507');
INSERT INTO QuantBairro2012 VALUES ('Anil','4413');
INSERT INTO QuantBairro2012 VALUES ('Bancários','831');
INSERT INTO QuantBairro2012 VALUES ('Bangu','15242');
INSERT INTO QuantBairro2012 VALUES ('Barra da Tijuca','4287');
INSERT INTO QuantBairro2012 VALUES ('Barra de Guaratiba','610');
INSERT INTO QuantBairro2012 VALUES ('Barros Filho','112');
INSERT INTO QuantBairro2012 VALUES ('Benfica','1302');
INSERT INTO QuantBairro2012 VALUES ('Bento Ribeiro','869');
INSERT INTO QuantBairro2012 VALUES ('Bonsucesso','5842');
INSERT INTO QuantBairro2012 VALUES ('Botafogo','812');
INSERT INTO QuantBairro2012 VALUES ('Cachambi','1436');
INSERT INTO QuantBairro2012 VALUES ('Caju','2114');
INSERT INTO QuantBairro2012 VALUES ('Camorim','1062');
INSERT INTO QuantBairro2012 VALUES ('Campinho','499');
INSERT INTO QuantBairro2012 VALUES ('Campo Grande','22798');
INSERT INTO QuantBairro2012 VALUES ('Cascadura','2187');
INSERT INTO QuantBairro2012 VALUES ('Catete','180');
INSERT INTO QuantBairro2012 VALUES ('Catumbi','830');
INSERT INTO QuantBairro2012 VALUES ('Cavalcanti','1685');
INSERT INTO QuantBairro2012 VALUES ('Centro','1804');
INSERT INTO QuantBairro2012 VALUES ('Cidade Nova','824');
INSERT INTO QuantBairro2012 VALUES ('Cidade Universitária','201');
INSERT INTO QuantBairro2012 VALUES ('Cidade de Deus','3500');
INSERT INTO QuantBairro2012 VALUES ('Cocotá','287');
INSERT INTO QuantBairro2012 VALUES ('Coelho Neto','2005');
INSERT INTO QuantBairro2012 VALUES ('Colégio','1281');
INSERT INTO QuantBairro2012 VALUES ('Copacabana','2230');
INSERT INTO QuantBairro2012 VALUES ('Cordovil','2667');
INSERT INTO QuantBairro2012 VALUES ('Cosme Velho','95');
INSERT INTO QuantBairro2012 VALUES ('Cosmos','4065');
INSERT INTO QuantBairro2012 VALUES ('Costa Barros','1443');
INSERT INTO QuantBairro2012 VALUES ('Curicica','3542');
INSERT INTO QuantBairro2012 VALUES ('Del Castilho','1806');
INSERT INTO QuantBairro2012 VALUES ('Deodoro','781');
INSERT INTO QuantBairro2012 VALUES ('Encantado','332');
INSERT INTO QuantBairro2012 VALUES ('Engenho Novo','972');
INSERT INTO QuantBairro2012 VALUES ('Engenho da Rainha','1889');
INSERT INTO QuantBairro2012 VALUES ('Engenho de Dentro','2218');
INSERT INTO QuantBairro2012 VALUES ('Estácio','434');
INSERT INTO QuantBairro2012 VALUES ('Flamengo','197');
INSERT INTO QuantBairro2012 VALUES ('Freguesia (Jacarepaguá)','2066');
INSERT INTO QuantBairro2012 VALUES ('Galeão','1264');
INSERT INTO QuantBairro2012 VALUES ('Gardênia Azul','717');
INSERT INTO QuantBairro2012 VALUES ('Glória','552');
INSERT INTO QuantBairro2012 VALUES ('Guadalupe','3647');
INSERT INTO QuantBairro2012 VALUES ('Guaratiba','6545');
INSERT INTO QuantBairro2012 VALUES ('Gávea','1337');
INSERT INTO QuantBairro2012 VALUES ('Higienópolis','2523');
INSERT INTO QuantBairro2012 VALUES ('Honório Gurgel','1036');
INSERT INTO QuantBairro2012 VALUES ('Humaitá','532');
INSERT INTO QuantBairro2012 VALUES ('Inhoaíba','4379');
INSERT INTO QuantBairro2012 VALUES ('Ipanema','847');
INSERT INTO QuantBairro2012 VALUES ('Irajá','7301');
INSERT INTO QuantBairro2012 VALUES ('Itanhangá','804');
INSERT INTO QuantBairro2012 VALUES ('Jacarezinho','458');
INSERT INTO QuantBairro2012 VALUES ('Jacaré','672');
INSERT INTO QuantBairro2012 VALUES ('Jardim Botânico','523');
INSERT INTO QuantBairro2012 VALUES ('Jardim Carioca','568');
INSERT INTO QuantBairro2012 VALUES ('Jardim Guanabara','943');
INSERT INTO QuantBairro2012 VALUES ('Jardim Sulacap','991');
INSERT INTO QuantBairro2012 VALUES ('Lagoa','409');
INSERT INTO QuantBairro2012 VALUES ('Laranjeiras','913');
INSERT INTO QuantBairro2012 VALUES ('Leblon','1737');
INSERT INTO QuantBairro2012 VALUES ('Leme','361');
INSERT INTO QuantBairro2012 VALUES ('Lins de Vasconcelos','1943');
INSERT INTO QuantBairro2012 VALUES ('Madureira','1833');
INSERT INTO QuantBairro2012 VALUES ('Magalhães Bastos','1650');
INSERT INTO QuantBairro2012 VALUES ('Mangueira','169');
INSERT INTO QuantBairro2012 VALUES ('Manguinhos','1808');
INSERT INTO QuantBairro2012 VALUES ('Maracanã','655');
INSERT INTO QuantBairro2012 VALUES ('Marechal Hermes','2316');
INSERT INTO QuantBairro2012 VALUES ('Maria da Graça','675');
INSERT INTO QuantBairro2012 VALUES ('Maré','7611');
INSERT INTO QuantBairro2012 VALUES ('Moneró','1189');
INSERT INTO QuantBairro2012 VALUES ('Olaria','4174');
INSERT INTO QuantBairro2012 VALUES ('Oswaldo Cruz','1842');
INSERT INTO QuantBairro2012 VALUES ('Paciência','8578');
INSERT INTO QuantBairro2012 VALUES ('Padre Miguel','5261');
INSERT INTO QuantBairro2012 VALUES ('Paquetá','267');
INSERT INTO QuantBairro2012 VALUES ('Parada de Lucas','716');
INSERT INTO QuantBairro2012 VALUES ('Parque Anchieta','1852');
INSERT INTO QuantBairro2012 VALUES ('Parque Colúmbia','515');
INSERT INTO QuantBairro2012 VALUES ('Pavuna','7926');
INSERT INTO QuantBairro2012 VALUES ('Pechincha','1019');
INSERT INTO QuantBairro2012 VALUES ('Pedra de Guaratiba','4848');
INSERT INTO QuantBairro2012 VALUES ('Penha','3952');
INSERT INTO QuantBairro2012 VALUES ('Penha Circular','1776');
INSERT INTO QuantBairro2012 VALUES ('Piedade','2089');
INSERT INTO QuantBairro2012 VALUES ('Pilares','1368');
INSERT INTO QuantBairro2012 VALUES ('Pitangueiras','302');
INSERT INTO QuantBairro2012 VALUES ('Portuguesa','642');
INSERT INTO QuantBairro2012 VALUES ('Praia da Bandeira','366');
INSERT INTO QuantBairro2012 VALUES ('Praça Seca','3154');
INSERT INTO QuantBairro2012 VALUES ('Praça da Bandeira','398');
INSERT INTO QuantBairro2012 VALUES ('Ramos','2688');
INSERT INTO QuantBairro2012 VALUES ('Realengo','9574');
INSERT INTO QuantBairro2012 VALUES ('Recreio dos Bandeirantes','1040');
INSERT INTO QuantBairro2012 VALUES ('Riachuelo','534');
INSERT INTO QuantBairro2012 VALUES ('Ricardo de Albuquerque','1078');
INSERT INTO QuantBairro2012 VALUES ('Rio Comprido','1675');
INSERT INTO QuantBairro2012 VALUES ('Rocha','938');
INSERT INTO QuantBairro2012 VALUES ('Rocha Miranda','3637');
INSERT INTO QuantBairro2012 VALUES ('Rocinha','1024');
INSERT INTO QuantBairro2012 VALUES ('Sampaio','20');
INSERT INTO QuantBairro2012 VALUES ('Santa Cruz','20625');
INSERT INTO QuantBairro2012 VALUES ('Santa Teresa','873');
INSERT INTO QuantBairro2012 VALUES ('Santo Cristo','992');
INSERT INTO QuantBairro2012 VALUES ('Santíssimo','2664');
INSERT INTO QuantBairro2012 VALUES ('Saúde','207');
INSERT INTO QuantBairro2012 VALUES ('Senador Camará','5838');
INSERT INTO QuantBairro2012 VALUES ('Senador Vasconcelos','1142');
INSERT INTO QuantBairro2012 VALUES ('Sepetiba','3647');
INSERT INTO QuantBairro2012 VALUES ('São Conrado','544');
INSERT INTO QuantBairro2012 VALUES ('Tanque','859');
INSERT INTO QuantBairro2012 VALUES ('Taquara','7410');
INSERT INTO QuantBairro2012 VALUES ('Tauá','465');
INSERT INTO QuantBairro2012 VALUES ('Tijuca','4335');
INSERT INTO QuantBairro2012 VALUES ('Todos os Santos','252');
INSERT INTO QuantBairro2012 VALUES ('Tomás Coelho','242');
INSERT INTO QuantBairro2012 VALUES ('Turiaçu','737');
INSERT INTO QuantBairro2012 VALUES ('Urca','797');
INSERT INTO QuantBairro2012 VALUES ('Vargem Grande','1459');
INSERT INTO QuantBairro2012 VALUES ('Vargem Pequena','1122');
INSERT INTO QuantBairro2012 VALUES ('Vicente de Carvalho','606');
INSERT INTO QuantBairro2012 VALUES ('Vidigal','672');
INSERT INTO QuantBairro2012 VALUES ('Vigário Geral','2032');
INSERT INTO QuantBairro2012 VALUES ('Vila Isabel','2432');
INSERT INTO QuantBairro2012 VALUES ('Vila Kosmos','1074');
INSERT INTO QuantBairro2012 VALUES ('Vila Militar','359');
INSERT INTO QuantBairro2012 VALUES ('Vila Valqueire','1271');
INSERT INTO QuantBairro2012 VALUES ('Vila da Penha','1475');
INSERT INTO QuantBairro2012 VALUES ('Vista Alegre','937');
INSERT INTO QuantBairro2012 VALUES ('Zumbi','428');
INSERT INTO QuantBairro2012 VALUES ('Água Santa','832');

--insert tabela Serie
INSERT INTO Serie VALUES ('61','1º Ano');
INSERT INTO Serie VALUES ('62','2º Ano');
INSERT INTO Serie VALUES ('63','3º Ano');
INSERT INTO Serie VALUES ('64','4º Ano');
INSERT INTO Serie VALUES ('65','5º Ano');
INSERT INTO Serie VALUES ('66','6º Ano');
INSERT INTO Serie VALUES ('67','7º Ano');
INSERT INTO Serie VALUES ('68','8º Ano');
INSERT INTO Serie VALUES ('69','9º Ano');
INSERT INTO Serie VALUES ('76','4º Ano - NCM');
INSERT INTO Serie VALUES ('77','7º Ano - NJM');
INSERT INTO Serie VALUES ('81','Realfabetização 1');
INSERT INTO Serie VALUES ('83','Realfabetização 2');
INSERT INTO Serie VALUES ('84','Aceleração 1');
INSERT INTO Serie VALUES ('87','Aceleração 2A');
INSERT INTO Serie VALUES ('89','Aceleração 3');
INSERT INTO Serie VALUES ('99','Total');

-- insert tabela FrequenciaAprovados
INSERT INTO FrequenciaAprovados VALUES ('2215','2099','116','94.8','2013','90.6
','61','01');
INSERT INTO FrequenciaAprovados VALUES ('2168','2095','73','96.6','2013','91.7
','62','01');
INSERT INTO FrequenciaAprovados VALUES ('2721','2207','514','81.1','2013','92.2
','63','01');
INSERT INTO FrequenciaAprovados VALUES ('2502','2166','336','86.6','2013','92.6
','64','01');
INSERT INTO FrequenciaAprovados VALUES ('2162','2000','162','92.5','2013','93
','65','01');
INSERT INTO FrequenciaAprovados VALUES ('2667','2251','416','84.4','2013','93.4
','66','01');
INSERT INTO FrequenciaAprovados VALUES ('2228','2011','217','90.3','2013','93.2
','67','01');
INSERT INTO FrequenciaAprovados VALUES ('1925','1736','189','90.2','2013','93
','68','01');
INSERT INTO FrequenciaAprovados VALUES ('1565','1507','58','96.3','2013','93.2
','69','01');
INSERT INTO FrequenciaAprovados VALUES ('171','94','77','55','2013','90.6
','76','01');
INSERT INTO FrequenciaAprovados VALUES ('412','344','68','83.5','2013','89.2
','77','01');
INSERT INTO FrequenciaAprovados VALUES ('444','264','180','59.5','2013','88.3
','81','01');
INSERT INTO FrequenciaAprovados VALUES ('65','51','14','78.5','2013','87.8
','83','01');
INSERT INTO FrequenciaAprovados VALUES ('195','143','52','73.3','2013','88.1
','84','01');
INSERT INTO FrequenciaAprovados VALUES ('129','128','1','99.2','2013','96.1
','87','01');
INSERT INTO FrequenciaAprovados VALUES ('204','198','6','97.1','2013','97.6
','89','01');
INSERT INTO FrequenciaAprovados VALUES ('21773','19294','2479','88.6','2013','92.4
','99','01');

INSERT INTO FrequenciaAprovados VALUES ('4155','3998','157','96.2','2013','91.6
','61','02');
INSERT INTO FrequenciaAprovados VALUES ('3494','3360','134','96.2','2013','89.9
','62','02');
INSERT INTO FrequenciaAprovados VALUES ('4416','3534','882','80','2013','90.1
','63','02');
INSERT INTO FrequenciaAprovados VALUES ('4138','3667','471','88.6','2013','90.3
','64','02');
INSERT INTO FrequenciaAprovados VALUES ('4855','4523','332','93.2','2013','90.1
','65','02');
INSERT INTO FrequenciaAprovados VALUES ('5011','3832','1179','76.5','2013','92.5
','66','02');
INSERT INTO FrequenciaAprovados VALUES ('4003','3327','676','83.1','2013','93.4
','67','02');
INSERT INTO FrequenciaAprovados VALUES ('3802','3338','464','87.8','2013','93.6
','68','02');
INSERT INTO FrequenciaAprovados VALUES ('3191','3033','158','95','2013','93.7
','69','02');
INSERT INTO FrequenciaAprovados VALUES ('549','440','109','80.1','2013','90.9
','76','02');
INSERT INTO FrequenciaAprovados VALUES ('843','792','51','94','2013','90.9
','77','02');
INSERT INTO FrequenciaAprovados VALUES ('521','392','129','75.2','2013','89.2
','81','02');
INSERT INTO FrequenciaAprovados VALUES ('179','131','48','73.2','2013','79.2
','83','02');
INSERT INTO FrequenciaAprovados VALUES ('161','138','23','85.7','2013','90
','84','02');
INSERT INTO FrequenciaAprovados VALUES ('445','436','9','98','2013','95.2
','87','02');
INSERT INTO FrequenciaAprovados VALUES ('402','396','6','98.5','2013','96.1
','89','02');
INSERT INTO FrequenciaAprovados VALUES ('40165','35337','4828','88','2013','92.3
','99','02');

INSERT INTO FrequenciaAprovados VALUES ('4291','4158','133','96.9','2013','91
','61','03');
INSERT INTO FrequenciaAprovados VALUES ('4090','3990','100','97.6','2013','92.1
','62','03');
INSERT INTO FrequenciaAprovados VALUES ('4605','3852','753','83.6','2013','92.5
','63','03');
INSERT INTO FrequenciaAprovados VALUES ('5119','4612','507','90.1','2013','93.3
','64','03');
INSERT INTO FrequenciaAprovados VALUES ('4087','3849','238','94.2','2013','93.4
','65','03');
INSERT INTO FrequenciaAprovados VALUES ('5406','4231','1175','78.3','2013','93.8
','66','03');
INSERT INTO FrequenciaAprovados VALUES ('4100','3580','520','87.3','2013','93.5
','67','03');
INSERT INTO FrequenciaAprovados VALUES ('3751','3331','420','88.8','2013','93.4
','68','03');
INSERT INTO FrequenciaAprovados VALUES ('3140','2995','145','95.4','2013','93.5
','69','03');
INSERT INTO FrequenciaAprovados VALUES ('647','520','127','80.4','2013','91.1
','76','03');
INSERT INTO FrequenciaAprovados VALUES ('675','616','59','91.3','2013','90.3
','77','03');
INSERT INTO FrequenciaAprovados VALUES ('639','436','203','68.2','2013','89.6
','81','03');
INSERT INTO FrequenciaAprovados VALUES ('77','65','12','84.4','2013','85.6
','83','03');
INSERT INTO FrequenciaAprovados VALUES ('112','101','11','90.2','2013','88.6
','84','03');
INSERT INTO FrequenciaAprovados VALUES ('167','156','11','93.4','2013','96.1
','87','03');
INSERT INTO FrequenciaAprovados VALUES ('226','213','13','94.2','2013','96.6
','89','03');
INSERT INTO FrequenciaAprovados VALUES ('41132','36705','4427','89.2','2013','92.4
','99','03');

INSERT INTO FrequenciaAprovados VALUES ('5475','5282','193','96.5','2013','92
','61','04');
INSERT INTO FrequenciaAprovados VALUES ('5528','5362','166','97','2013','92.8
','62','04');
INSERT INTO FrequenciaAprovados VALUES ('6379','4972','1407','77.9','2013','93.2
','63','04');
INSERT INTO FrequenciaAprovados VALUES ('6330','5491','839','86.7','2013','93.4
','64','04');
INSERT INTO FrequenciaAprovados VALUES ('6280','5764','516','91.8','2013','93.7
','65','04');
INSERT INTO FrequenciaAprovados VALUES ('7484','5584','1900','74.6','2013','93.3
','66','04');
INSERT INTO FrequenciaAprovados VALUES ('5658','4693','965','82.9','2013','93.8
','67','04');
INSERT INTO FrequenciaAprovados VALUES ('5037','4174','863','82.9','2013','92.6
','68','04');
INSERT INTO FrequenciaAprovados VALUES ('4424','4079','345','92.2','2013','93.4
','69','04');
INSERT INTO FrequenciaAprovados VALUES ('1030','568','462','55.1','2013','91.5
','76','04');
INSERT INTO FrequenciaAprovados VALUES ('1201','999','202','83.2','2013','88.6
','77','04');
INSERT INTO FrequenciaAprovados VALUES ('506','300','206','59.3','2013','88.9
','81','04');
INSERT INTO FrequenciaAprovados VALUES ('73','45','28','61.6','2013','82.7
','83','04');
INSERT INTO FrequenciaAprovados VALUES ('140','107','33','76.4','2013','85.8
','84','04');
INSERT INTO FrequenciaAprovados VALUES ('226','199','27','88.1','2013','96.1
','87','04');
INSERT INTO FrequenciaAprovados VALUES ('415','400','15','96.4','2013','96.7
','89','04');
INSERT INTO FrequenciaAprovados VALUES ('56186','48019','8167','85.5','2013','92.7
','99','04');

INSERT INTO FrequenciaAprovados VALUES ('4197','4068','129','96.9','2013','91.1
','61','05');
INSERT INTO FrequenciaAprovados VALUES ('4058','3949','109','97.3','2013','92.2
','62','05');
INSERT INTO FrequenciaAprovados VALUES ('4968','4129','839','83.1','2013','92.5
','63','05');
INSERT INTO FrequenciaAprovados VALUES ('5029','4496','533','89.4','2013','93.1
','64','05');
INSERT INTO FrequenciaAprovados VALUES ('5315','5072','243','95.4','2013','93.4
','65','05');
INSERT INTO FrequenciaAprovados VALUES ('5737','4906','831','85.5','2013','94.4
','66','05');
INSERT INTO FrequenciaAprovados VALUES ('4861','4284','577','88.1','2013','94.3
','67','05');
INSERT INTO FrequenciaAprovados VALUES ('5074','4510','564','88.9','2013','93.9
','68','05');
INSERT INTO FrequenciaAprovados VALUES ('4334','4149','185','95.7','2013','93.6
','69','05');
INSERT INTO FrequenciaAprovados VALUES ('291','255','36','87.6','2013','91.5
','76','05');
INSERT INTO FrequenciaAprovados VALUES ('1001','890','111','88.9','2013','91.4
','77','05');
INSERT INTO FrequenciaAprovados VALUES ('442','297','145','67.2','2013','89.9
','81','05');
INSERT INTO FrequenciaAprovados VALUES ('129','112','17','86.8','2013','86.8
','83','05');
INSERT INTO FrequenciaAprovados VALUES ('121','102','19','84.3','2013','91.4
','84','05');
INSERT INTO FrequenciaAprovados VALUES ('235','224','11','95.3','2013','96.1
','87','05');
INSERT INTO FrequenciaAprovados VALUES ('443','436','7','98.4','2013','97.1
','89','05');
INSERT INTO FrequenciaAprovados VALUES ('46235','41879','4356','90.6','2013','92.8
','99','05');

INSERT INTO FrequenciaAprovados VALUES ('3533','3461','72','98','2013','92.5
','61','06');
INSERT INTO FrequenciaAprovados VALUES ('3319','3255','64','98.1','2013','92.9
','62','06');
INSERT INTO FrequenciaAprovados VALUES ('3872','3282','590','84.8','2013','93.5
','63','06');
INSERT INTO FrequenciaAprovados VALUES ('3958','3597','361','90.9','2013','94.3
','64','06');
INSERT INTO FrequenciaAprovados VALUES ('4159','3914','245','94.1','2013','94.4
','65','06');
INSERT INTO FrequenciaAprovados VALUES ('4026','3613','413','89.7','2013','95.1
','66','06');
INSERT INTO FrequenciaAprovados VALUES ('3536','3196','340','90.4','2013','94.1
','67','06');
INSERT INTO FrequenciaAprovados VALUES ('3011','2796','215','92.9','2013','94.7
','68','06');
INSERT INTO FrequenciaAprovados VALUES ('2676','2583','93','96.5','2013','94.4
','69','06');
INSERT INTO FrequenciaAprovados VALUES ('440','332','108','75.5','2013','92
','76','06');
INSERT INTO FrequenciaAprovados VALUES ('305','264','41','86.6','2013','88.9
','77','06');
INSERT INTO FrequenciaAprovados VALUES ('421','296','125','70.3','2013','89.5
','81','06');
INSERT INTO FrequenciaAprovados VALUES ('82','66','16','80.5','2013','90.8
','83','06');
INSERT INTO FrequenciaAprovados VALUES ('88','82','6','93.2','2013','93.1
','84','06');
INSERT INTO FrequenciaAprovados VALUES ('235','226','9','96.2','2013','97.5
','87','06');
INSERT INTO FrequenciaAprovados VALUES ('236','230','6','97.5','2013','97.3
','89','06');
INSERT INTO FrequenciaAprovados VALUES ('33897','31193','2704','92','2013','93.7
','99','06');

INSERT INTO FrequenciaAprovados VALUES ('6874','6645','229','96.7','2013','91.7
','61','07');
INSERT INTO FrequenciaAprovados VALUES ('6404','5991','413','93.6','2013','91.7
','62','07');
INSERT INTO FrequenciaAprovados VALUES ('7530','6007','1523','79.8','2013','92.4
','63','07');
INSERT INTO FrequenciaAprovados VALUES ('6865','6221','644','90.6','2013','92.5
','64','07');
INSERT INTO FrequenciaAprovados VALUES ('7005','6444','561','92','2013','91.7
','65','07');
INSERT INTO FrequenciaAprovados VALUES ('8247','6694','1553','81.2','2013','93.9
','66','07');
INSERT INTO FrequenciaAprovados VALUES ('6834','5798','1036','84.8','2013','93.5
','67','07');
INSERT INTO FrequenciaAprovados VALUES ('6314','5417','897','85.8','2013','93.2
','68','07');
INSERT INTO FrequenciaAprovados VALUES ('5339','5017','322','94','2013','92.9
','69','07');
INSERT INTO FrequenciaAprovados VALUES ('1930','1410','520','73.1','2013','90.6
','76','07');
INSERT INTO FrequenciaAprovados VALUES ('1164','1055','109','90.6','2013','91
','77','07');
INSERT INTO FrequenciaAprovados VALUES ('1049','693','356','66.1','2013','89.1
','81','07');
INSERT INTO FrequenciaAprovados VALUES ('247','202','45','81.8','2013','86.4
','83','07');
INSERT INTO FrequenciaAprovados VALUES ('262','239','23','91.2','2013','88.2
','84','07');
INSERT INTO FrequenciaAprovados VALUES ('346','336','10','97.1','2013','94.9
','87','07');
INSERT INTO FrequenciaAprovados VALUES ('356','352','4','98.9','2013','95
','89','07');
INSERT INTO FrequenciaAprovados VALUES ('66766','58521','8245','87.7','2013','92.5
','99','07');

INSERT INTO FrequenciaAprovados VALUES ('5642','5474','168','97','2013','92.1
','61','08');
INSERT INTO FrequenciaAprovados VALUES ('5725','5537','188','96.7','2013','93.3
','62','08');
INSERT INTO FrequenciaAprovados VALUES ('6965','5601','1364','80.4','2013','93.2
','63','08');
INSERT INTO FrequenciaAprovados VALUES ('6580','5971','609','90.7','2013','93.5
','64','08');
INSERT INTO FrequenciaAprovados VALUES ('6934','6596','338','95.1','2013','92.8
','65','08');
INSERT INTO FrequenciaAprovados VALUES ('7796','6080','1716','78','2013','93.1
','66','08');
INSERT INTO FrequenciaAprovados VALUES ('6343','5281','1062','83.3','2013','93.1
','67','08');
INSERT INTO FrequenciaAprovados VALUES ('5600','4912','688','87.7','2013','93.1
','68','08');
INSERT INTO FrequenciaAprovados VALUES ('5239','4870','369','93','2013','93.1
','69','08');
INSERT INTO FrequenciaAprovados VALUES ('728','604','124','83','2013','92
','76','08');
INSERT INTO FrequenciaAprovados VALUES ('1295','1139','156','88','2013','91.3
','77','08');
INSERT INTO FrequenciaAprovados VALUES ('1028','669','359','65.1','2013','90
','81','08');
INSERT INTO FrequenciaAprovados VALUES ('270','216','54','80','2013','87.9
','83','08');
INSERT INTO FrequenciaAprovados VALUES ('130','109','21','83.8','2013','88.4
','84','08');
INSERT INTO FrequenciaAprovados VALUES ('376','350','26','93.1','2013','95.9
','87','08');
INSERT INTO FrequenciaAprovados VALUES ('701','676','25','96.4','2013','95.8
','89','08');
INSERT INTO FrequenciaAprovados VALUES ('61352','54085','7267','88.2','2013','92.9
','99','08');

INSERT INTO FrequenciaAprovados VALUES ('5266','5212','54','99','2013','93
','61','09');
INSERT INTO FrequenciaAprovados VALUES ('5049','4967','82','98.4','2013','93.7
','62','09');
INSERT INTO FrequenciaAprovados VALUES ('5932','5165','767','87.1','2013','94
','63','09');
INSERT INTO FrequenciaAprovados VALUES ('6541','6181','360','94.5','2013','93.2
','64','09');
INSERT INTO FrequenciaAprovados VALUES ('5815','5641','174','97','2013','93.2
','65','09');
INSERT INTO FrequenciaAprovados VALUES ('6767','5764','1003','85.2','2013','94.2
','66','09');
INSERT INTO FrequenciaAprovados VALUES ('5514','4898','616','88.8','2013','94.5
','67','09');
INSERT INTO FrequenciaAprovados VALUES ('5729','5124','605','89.4','2013','93.4
','68','09');
INSERT INTO FrequenciaAprovados VALUES ('4706','4496','210','95.5','2013','93.7
','69','09');
INSERT INTO FrequenciaAprovados VALUES ('840','719','121','85.6','2013','89.9
','76','09');
INSERT INTO FrequenciaAprovados VALUES ('1056','953','103','90.2','2013','91.2
','77','09');
INSERT INTO FrequenciaAprovados VALUES ('806','512','294','63.5','2013','91.6
','81','09');
INSERT INTO FrequenciaAprovados VALUES ('98','96','2','98','2013','90.3
','83','09');
INSERT INTO FrequenciaAprovados VALUES ('170','164','6','96.5','2013','91.7
','84','09');
INSERT INTO FrequenciaAprovados VALUES ('272','272','','100','2013','97.1
','87','09');
INSERT INTO FrequenciaAprovados VALUES ('111','110','1','99.1','2013','97.3
','89','09');
INSERT INTO FrequenciaAprovados VALUES ('54672','50274','4398','92','2013','93.4
','99','09');

INSERT INTO FrequenciaAprovados VALUES ('6666','6462','204','96.9','2013','93.3
','61','10');
INSERT INTO FrequenciaAprovados VALUES ('6566','6444','122','98.1','2013','93.9
','62','10');
INSERT INTO FrequenciaAprovados VALUES ('7972','6567','1405','82.4','2013','94.2
','63','10');
INSERT INTO FrequenciaAprovados VALUES ('8625','7847','778','91','2013','94.6
','64','10');
INSERT INTO FrequenciaAprovados VALUES ('7528','7174','354','95.3','2013','94.8
','65','10');
INSERT INTO FrequenciaAprovados VALUES ('7859','6524','1335','83','2013','94.4
','66','10');
INSERT INTO FrequenciaAprovados VALUES ('7914','6958','956','87.9','2013','93.9
','67','10');
INSERT INTO FrequenciaAprovados VALUES ('6732','6024','708','89.5','2013','94.1
','68','10');
INSERT INTO FrequenciaAprovados VALUES ('5605','5292','313','94.4','2013','94
','69','10');
INSERT INTO FrequenciaAprovados VALUES ('447','341','106','76.3','2013','92.9
','76','10');
INSERT INTO FrequenciaAprovados VALUES ('446','369','77','82.7','2013','90.6
','77','10');
INSERT INTO FrequenciaAprovados VALUES ('1007','721','286','71.6','2013','91.2
','81','10');
INSERT INTO FrequenciaAprovados VALUES ('402','357','45','88.8','2013','89.4
','83','10');
INSERT INTO FrequenciaAprovados VALUES ('122','100','22','82','2013','91.6
','84','10');
INSERT INTO FrequenciaAprovados VALUES ('231','231','','100','2013','97.7
','87','10');
INSERT INTO FrequenciaAprovados VALUES ('573','567','6','99','2013','96.6
','89','10');
INSERT INTO FrequenciaAprovados VALUES ('68695','61978','6717','90.2','2013','93.9
','99','10');

INSERT INTO FrequenciaAprovados VALUES ('1172','1133','39','96.7','2013','91.5
','61','11');
INSERT INTO FrequenciaAprovados VALUES ('1151','1127','24','97.9','2013','92.6
','62','11');
INSERT INTO FrequenciaAprovados VALUES ('1424','1204','220','84.6','2013','92.3
','63','11');
INSERT INTO FrequenciaAprovados VALUES ('1475','1386','89','94','2013','93.5
','64','11');
INSERT INTO FrequenciaAprovados VALUES ('1293','1229','64','95.1','2013','93
','65','11');
INSERT INTO FrequenciaAprovados VALUES ('1706','1383','323','81.1','2013','93
','66','11');
INSERT INTO FrequenciaAprovados VALUES ('1332','1175','157','88.2','2013','93
','67','11');
INSERT INTO FrequenciaAprovados VALUES ('1299','1161','138','89.4','2013','92.8
','68','11');
INSERT INTO FrequenciaAprovados VALUES ('1095','1053','42','96.2','2013','92.4
','69','11');
INSERT INTO FrequenciaAprovados VALUES ('145','85','60','58.6','2013','90.9
','76','11');
INSERT INTO FrequenciaAprovados VALUES ('138','131','7','94.9','2013','93.7
','77','11');
INSERT INTO FrequenciaAprovados VALUES ('96','72','24','75','2013','89.7
','81','11');
INSERT INTO FrequenciaAprovados VALUES ('24','22','2','91.7','2013','89.4
','83','11');
INSERT INTO FrequenciaAprovados VALUES ('15','15','','100','2013','96.9
','84','11');
INSERT INTO FrequenciaAprovados VALUES ('21','11','10','52.4','2013','94.9
','87','11');
INSERT INTO FrequenciaAprovados VALUES ('85','81','4','95.3','2013','96.4
','89','11');
INSERT INTO FrequenciaAprovados VALUES ('12471','11268','1203','90.4','2013','92.3
','99','11');